{
  "Total" : {
    "transaction" : "Total",
    "sampleCount" : 100,
    "errorCount" : 0,
    "errorPct" : 0.0,
    "meanResTime" : 3.7599999999999993,
    "medianResTime" : 3.0,
    "minResTime" : 1.0,
    "maxResTime" : 8.0,
    "pct1ResTime" : 6.0,
    "pct2ResTime" : 7.949999999999989,
    "pct3ResTime" : 8.0,
    "throughput" : 900.9009009009009,
    "receivedKBytesPerSec" : 600.8938626126126,
    "sentKBytesPerSec" : 116.13175675675676
  },
  "Query Order" : {
    "transaction" : "Query Order",
    "sampleCount" : 100,
    "errorCount" : 0,
    "errorPct" : 0.0,
    "meanResTime" : 3.7599999999999993,
    "medianResTime" : 3.0,
    "minResTime" : 1.0,
    "maxResTime" : 8.0,
    "pct1ResTime" : 6.0,
    "pct2ResTime" : 7.949999999999989,
    "pct3ResTime" : 8.0,
    "throughput" : 900.9009009009009,
    "receivedKBytesPerSec" : 600.8938626126126,
    "sentKBytesPerSec" : 116.13175675675676
  }
}