{
  "Total" : {
    "transaction" : "Total",
    "sampleCount" : 500,
    "errorCount" : 0,
    "errorPct" : 0.0,
    "meanResTime" : 3.919999999999995,
    "medianResTime" : 3.0,
    "minResTime" : 1.0,
    "maxResTime" : 23.0,
    "pct1ResTime" : 8.0,
    "pct2ResTime" : 13.0,
    "pct3ResTime" : 19.99000000000001,
    "throughput" : 434.4048653344917,
    "receivedKBytesPerSec" : 289.74465139009556,
    "sentKBytesPerSec" : 55.997502172024326
  },
  "Query Order" : {
    "transaction" : "Query Order",
    "sampleCount" : 500,
    "errorCount" : 0,
    "errorPct" : 0.0,
    "meanResTime" : 3.919999999999995,
    "medianResTime" : 3.0,
    "minResTime" : 1.0,
    "maxResTime" : 23.0,
    "pct1ResTime" : 8.0,
    "pct2ResTime" : 13.0,
    "pct3ResTime" : 19.99000000000001,
    "throughput" : 434.4048653344917,
    "receivedKBytesPerSec" : 289.74465139009556,
    "sentKBytesPerSec" : 55.997502172024326
  }
}