{
  "Total" : {
    "transaction" : "Total",
    "sampleCount" : 1000,
    "errorCount" : 0,
    "errorPct" : 0.0,
    "meanResTime" : 3.7139999999999986,
    "medianResTime" : 2.0,
    "minResTime" : 1.0,
    "maxResTime" : 32.0,
    "pct1ResTime" : 6.0,
    "pct2ResTime" : 11.0,
    "pct3ResTime" : 26.0,
    "throughput" : 567.2149744753261,
    "receivedKBytesPerSec" : 378.3279566080545,
    "sentKBytesPerSec" : 73.11755530346001
  },
  "Query Order" : {
    "transaction" : "Query Order",
    "sampleCount" : 1000,
    "errorCount" : 0,
    "errorPct" : 0.0,
    "meanResTime" : 3.7139999999999986,
    "medianResTime" : 2.0,
    "minResTime" : 1.0,
    "maxResTime" : 32.0,
    "pct1ResTime" : 6.0,
    "pct2ResTime" : 11.0,
    "pct3ResTime" : 26.0,
    "throughput" : 567.2149744753261,
    "receivedKBytesPerSec" : 378.3279566080545,
    "sentKBytesPerSec" : 73.11755530346001
  }
}