{
  "Total" : {
    "transaction" : "Total",
    "sampleCount" : 500,
    "errorCount" : 0,
    "errorPct" : 0.0,
    "meanResTime" : 28.071999999999992,
    "medianResTime" : 26.0,
    "minResTime" : 15.0,
    "maxResTime" : 74.0,
    "pct1ResTime" : 40.0,
    "pct2ResTime" : 52.94999999999999,
    "pct3ResTime" : 60.99000000000001,
    "throughput" : 444.04973357015984,
    "receivedKBytesPerSec" : 93.6667406749556,
    "sentKBytesPerSec" : 182.5634158525755
  },
  "Create Order" : {
    "transaction" : "Create Order",
    "sampleCount" : 500,
    "errorCount" : 0,
    "errorPct" : 0.0,
    "meanResTime" : 28.071999999999992,
    "medianResTime" : 26.0,
    "minResTime" : 15.0,
    "maxResTime" : 74.0,
    "pct1ResTime" : 40.0,
    "pct2ResTime" : 52.94999999999999,
    "pct3ResTime" : 60.99000000000001,
    "throughput" : 444.04973357015984,
    "receivedKBytesPerSec" : 93.6667406749556,
    "sentKBytesPerSec" : 182.5634158525755
  }
}