{
  "Total" : {
    "transaction" : "Total",
    "sampleCount" : 2000,
    "errorCount" : 0,
    "errorPct" : 0.0,
    "meanResTime" : 44.841500000000075,
    "medianResTime" : 31.0,
    "minResTime" : 16.0,
    "maxResTime" : 194.0,
    "pct1ResTime" : 100.0,
    "pct2ResTime" : 126.0,
    "pct3ResTime" : 165.99,
    "throughput" : 783.6990595611285,
    "receivedKBytesPerSec" : 165.31152037617554,
    "sentKBytesPerSec" : 322.20439851097177
  },
  "Create Order" : {
    "transaction" : "Create Order",
    "sampleCount" : 2000,
    "errorCount" : 0,
    "errorPct" : 0.0,
    "meanResTime" : 44.841500000000075,
    "medianResTime" : 31.0,
    "minResTime" : 16.0,
    "maxResTime" : 194.0,
    "pct1ResTime" : 100.0,
    "pct2ResTime" : 126.0,
    "pct3ResTime" : 165.99,
    "throughput" : 783.6990595611285,
    "receivedKBytesPerSec" : 165.31152037617554,
    "sentKBytesPerSec" : 322.20439851097177
  }
}