{
  "Total" : {
    "transaction" : "Total",
    "sampleCount" : 2000,
    "errorCount" : 0,
    "errorPct" : 0.0,
    "meanResTime" : 2.9964999999999984,
    "medianResTime" : 2.0,
    "minResTime" : 1.0,
    "maxResTime" : 42.0,
    "pct1ResTime" : 5.0,
    "pct2ResTime" : 8.0,
    "pct3ResTime" : 15.990000000000009,
    "throughput" : 794.5967421533571,
    "receivedKBytesPerSec" : 529.9898192292412,
    "sentKBytesPerSec" : 102.4284862932062
  },
  "Query Order" : {
    "transaction" : "Query Order",
    "sampleCount" : 2000,
    "errorCount" : 0,
    "errorPct" : 0.0,
    "meanResTime" : 2.9964999999999984,
    "medianResTime" : 2.0,
    "minResTime" : 1.0,
    "maxResTime" : 42.0,
    "pct1ResTime" : 5.0,
    "pct2ResTime" : 8.0,
    "pct3ResTime" : 15.990000000000009,
    "throughput" : 794.5967421533571,
    "receivedKBytesPerSec" : 529.9898192292412,
    "sentKBytesPerSec" : 102.4284862932062
  }
}