{
  "Total" : {
    "transaction" : "Total",
    "sampleCount" : 1000,
    "errorCount" : 0,
    "errorPct" : 0.0,
    "meanResTime" : 54.890000000000015,
    "medianResTime" : 32.0,
    "minResTime" : 17.0,
    "maxResTime" : 272.0,
    "pct1ResTime" : 107.0,
    "pct2ResTime" : 212.94999999999993,
    "pct3ResTime" : 250.98000000000002,
    "throughput" : 784.9293563579279,
    "receivedKBytesPerSec" : 165.5710361067504,
    "sentKBytesPerSec" : 322.7102138932496
  },
  "Create Order" : {
    "transaction" : "Create Order",
    "sampleCount" : 1000,
    "errorCount" : 0,
    "errorPct" : 0.0,
    "meanResTime" : 54.890000000000015,
    "medianResTime" : 32.0,
    "minResTime" : 17.0,
    "maxResTime" : 272.0,
    "pct1ResTime" : 107.0,
    "pct2ResTime" : 212.94999999999993,
    "pct3ResTime" : 250.98000000000002,
    "throughput" : 784.9293563579279,
    "receivedKBytesPerSec" : 165.5710361067504,
    "sentKBytesPerSec" : 322.7102138932496
  }
}