{
  "Total" : {
    "transaction" : "Total",
    "sampleCount" : 200,
    "errorCount" : 0,
    "errorPct" : 0.0,
    "meanResTime" : 4.425000000000001,
    "medianResTime" : 4.0,
    "minResTime" : 1.0,
    "maxResTime" : 27.0,
    "pct1ResTime" : 7.0,
    "pct2ResTime" : 9.949999999999989,
    "pct3ResTime" : 24.910000000000082,
    "throughput" : 273.224043715847,
    "receivedKBytesPerSec" : 182.23830259562843,
    "sentKBytesPerSec" : 35.220286885245905
  },
  "Query Order" : {
    "transaction" : "Query Order",
    "sampleCount" : 200,
    "errorCount" : 0,
    "errorPct" : 0.0,
    "meanResTime" : 4.425000000000001,
    "medianResTime" : 4.0,
    "minResTime" : 1.0,
    "maxResTime" : 27.0,
    "pct1ResTime" : 7.0,
    "pct2ResTime" : 9.949999999999989,
    "pct3ResTime" : 24.910000000000082,
    "throughput" : 273.224043715847,
    "receivedKBytesPerSec" : 182.23830259562843,
    "sentKBytesPerSec" : 35.220286885245905
  }
}