{
  "Total" : {
    "transaction" : "Total",
    "sampleCount" : 50,
    "errorCount" : 0,
    "errorPct" : 0.0,
    "meanResTime" : 4.26,
    "medianResTime" : 4.0,
    "minResTime" : 2.0,
    "maxResTime" : 7.0,
    "pct1ResTime" : 6.0,
    "pct2ResTime" : 6.449999999999996,
    "pct3ResTime" : 7.0,
    "throughput" : 980.3921568627451,
    "receivedKBytesPerSec" : 653.9139093137255,
    "sentKBytesPerSec" : 126.37867647058825
  },
  "Query Order" : {
    "transaction" : "Query Order",
    "sampleCount" : 50,
    "errorCount" : 0,
    "errorPct" : 0.0,
    "meanResTime" : 4.26,
    "medianResTime" : 4.0,
    "minResTime" : 2.0,
    "maxResTime" : 7.0,
    "pct1ResTime" : 6.0,
    "pct2ResTime" : 6.449999999999996,
    "pct3ResTime" : 7.0,
    "throughput" : 980.3921568627451,
    "receivedKBytesPerSec" : 653.9139093137255,
    "sentKBytesPerSec" : 126.37867647058825
  }
}